token,count
base,190
body,87
square,74
arm,43
left,40
full,38
head,37
terminator,35
right,34
info,33
round,33
close,32
with,31
torso,30
lys,29
ahko,28
hi,27
sup,25
captain,22
hand,21
sergeant,20
legs,19
vu,19
excl,19
001,19
002,19
003,19
004,19
wing,18
horse,18
005,18
ratkin,17
powerhand,17
01,16
chariot,16
sword,15
tail,15
nami,15
hair,15
006,15
007,15
claw,15
fist,15
open,15
helmet,14
pants,14
32,13
shield,13
combined,13
dragon,12
75,12
weapon,12
lord,12
foot,12
stick,12
008,12
009,12
bowguards,12
bodies,11
store,11
02,11
03,11
04,11
render,11
toph,11
hairfront,11
010,11
arms,11
.ds,10
scale,10
miniatures,10
infomodel,10
infoprint,10
printinfo,10
legleft,10
legright,10
part1,10
on,10
011,10
012,10
013,10
014,10
front,9
gun,9
hairback,9
part2,9
rider,9
rock,9
weapons,9
reference,9
05,8
cannon,8
champion,8
preview,8
size,8
version,8
handleft,8
handright,8
armleft,8
nonsplit,8
ahkoqueen,8
cape,8
rigth,8
bat,8
female,8
helmets,8
shoulder,8
crew,8
gunner,8
ratogre,8
lazlus,7
uncut,7
sfw,7
bell,7
back,7
zbrushztool,7
armright,7
readme,7
pre,7
mask,7
male,7
015,7
016,7
017,7
018,7
019,7
020,7
021,7
022,7
030,7
034,7
037,7
bondedsouls,6
elenil,6
erimila,6
gwynevel,6
markamin,6
melwyn,6
noranor,6
treneal,6
verina,6
zelafel,6
battle,6
knight,6
img,6
marshal,6
06,6
renders,6
tophnsfw,6
ahkonsfw,6
ahkonurse,6
hands,6
bestiarum,6
agony,6
temptation,6
cloak,6
without,6
head01,6
head02,6
musician,6
023,6
carmalian,6
priestess,6
gith,6
roof,6
monarch,6
sunset,6
axle,6
sniper,6
additional,6
shoulders,6
warrior,5
logo,5
22,5
high,5
heavy,5
banner,5
great,5
cut,5
40,5
images,5
barn,5
33,5
21,5
resize,5
splitversion,5
hip,5
nonsplitversion,5
purity,5
seals,5
keeper,5
50,5
regular,5
saddle,5
modern,5
fantasy,5
spear,5
read,5
me,5
thumbs,5
"weapons,",5
"arms,",5
024,5
025,5
026,5
027,5
028,5
029,5
031,5
032,5
033,5
035,5
036,5
v1.1,5
sakura,5
skull,5
nameplate,5
september,4
09,4
wings,4
peaceful,4
08,4
30,4
38,4
45,4
49,4
walls,4
commander,4
3d,4
41,4
53,4
39,4
51,4
58,4
57,4
v1.0,4
stone,4
29,4
42,4
27,4
59,4
43,4
34,4
pose,4
church,4
ads,4
leg,4
squad,4
presupportedlegleft,4
presupportedlegright,4
facezen,4
footleft,4
footright,4
simplebaseback,4
simplebasefront,4
simplebase,4
karanebody,4
karanehead,4
suubody,4
suuglasses,4
suuhead,4
utohead,4
presupportedstl,4
presupportedbase,4
presupportedhairback,4
presupportedhairfront,4
presupportedhead,4
presupportedkaranebody,4
presupportedkaranehead,4
presupportedsuubody,4
presupportedsuuglasses,4
presupportedsuuhead,4
presupportedutohead,4
chituboxbuilplatem,4
bp01body,4
bp02base,4
01frontfull,4
02close,4
03detail,4
04mediums,4
05sidefull,4
06backdetail,4
alternativepieces,4
07ahkoskirt,4
altbaseback,4
altbasefront,4
04.01,4
04.01.24,4
silent,4
spikes,4
chain,4
beast,4
20,4
26,4
24,4
cities,4
sigmar,4
040,4
militia,4
christmas,4
flamer,4
wheel,4
platform,4
duchess,4
"scratchfang,",4
scratchfang,4
osirion,4
swarm,4
"sekheta,",4
sekheta,4
ark,4
damnation,4
"seshatara,",4
tombshade,4
"deathbringer,",4
rodent,4
pt,4
torsos,4
base1,3
base2,3
body1,3
bases,3
25,3
clay,3
1b,3
2b,3
large,3
pillow,3
war,3
tower,3
blade,3
heroes,3
strike,3
v2,3
farm,3
gate,3
box,3
36,3
07,3
medieval,3
backpack,3
scan,3
printable,3
scenery,3
time,3
warp,3
europe,3
4b,3
v1,3
face,3
previewazerama,3
presupportedarmleft,3
presupportedarmright,3
tophuncut,3
hairleft,3
utobody,3
utocape,3
utohat,3
rentarohead,3
presupportedhairleft,3
presupportedutobody,3
presupportedutocape,3
presupportedutohat,3
ahkoskirt,3
07ahko,3
cap,3
presupportedhip,3
crown,3
cloth,3
keys,3
secrets,3
diorama,3
mistress,3
lower,3
upper,3
zbrush,3
fan,3
poison,3
2019,3
repaired,3
horrors,3
73,3
74,3
28,3
31,3
35,3
37,3
44,3
46,3
47,3
48,3
52,3
54,3
55,3
56,3
60,3
in,3
lance,3
wolfknights,3
body01,3
gunners,3
lychee,3
winged,3
hippollyon,3
xmas,3
shaman,3
kh'a,3
larrh,3
chaos,3
bow,3
menace,3
clip,3
openlock,3
4.3,3
v1.2,3
small,3
door,3
building,3
big,3
modular,3
saber,3
squared,3
pointing,3
visor,3
cruxx,3
bonded,2
souls,2
dm,2
mysterious,2
2021,2
stls,2
ne,2
nw,2
se,2
sw,2
body2,2
pose2,2
1.2,2
complete,2
adult,2
de,2
cast,2
decor,2
low,2
belt,2
tactical,2
rangers,2
guild,2
alternative,2
end,2
detail,2
raiders,2
angel,2
house,2
hips,2
heroine,2
witch,2
riders,2
corner,2
ruined,2
space,2
ruins,2
throne,2
studios,2
final,2
exclusive,2
greater,2
warhammer,2
arm2,2
klk,2
comp,2
art,2
02tophnsfw,2
presupportedtorso,2
tophpresupported,2
cutuncut,2
tophbigbaseandalternativepieces,2
basea,2
baseb,2
basec,2
based,2
basedusta,2
basedustb,2
basedustc,2
basedustd,2
basee,2
basef,2
basegrounda,2
basegroundb,2
basegroundc,2
basegroundd,2
basegrounde,2
basegroundf,2
basehexrockbota,2
basehexrockbotb,2
basehexrocktopa,2
basehexrocktopb,2
basemainrockback,2
basemainrockfront,2
baserockbacka,2
baserockbackb,2
baserockfronta,2
baserockfrontb,2
facemad,2
tophalternative,2
builplate192x120mm,2
cutversion,2
uncutversion,2
bigbase,2
02toph,2
chest,2
fabricback,2
fabricfront,2
fullbody,2
podium,2
presupportedpodium,2
dress,2
rentarouhead,2
block01,2
block02,2
block03,2
presupporteddress,2
presupportedrentarouhead,2
presupportedblock01,2
presupportedblock02,2
presupportedblock03,2
presupportedhandleft,2
presupportedhandright,2
toga,2
legboxleft,2
legboxright,2
bp01baselegs,2
bp02bodyhead,2
accessorize,2
holster,2
sm,2
tacticus,2
mk,2
keepers,2
rear,2
p1,2
p2,2
mm,2
l1,2
fallen,2
prince,2
intestines,2
9scale,2
merge,2
frente,2
tras,2
printer,2
r0,2
r2.2,2
r9,2
ivy(stl,2
ball,2
empty,2
blagomir,2
mount,2
schythe,2
undeadbatrider,2
lwing,2
rwing,2
drakenmir,2
spear&shield,2
sword&spear,2
04.04,2
file,2
origins,2
04.04.24,2
infinite,2
dance,2
judge,2
cleaned,2
23,2
ruin,2
wall,2
wretch,2
medrautcloak,2
medrautlarm,2
medrautlegs,2
medrautmounttail,2
medrautrhand,2
medraut,2
pistol,2
unicornios,2
cortes,2
bis,2
knights,2
closed,2
one,2
page,2
body02,2
weapon01,2
weapon02,2
wolfknights02,2
command,2
corps,2
"heads,",2
038,2
039,2
041,2
042,2
043,2
044,2
045,2
046,2
047,2
048,2
049,2
pm3d,2
61,2
62,2
64,2
65,2
66,2
67,2
70,2
72,2
77,2
78,2
79,2
80,2
81,2
82,2
83,2
84,2
85,2
86,2
87,2
88,2
89,2
91,2
92,2
93,2
94,2
95,2
96,2
97,2
98,2
99,2
0213,2
garmokh,2
orae,2
troops,2
infantrymen,2
halberd,2
desktop,2
gbiza,2
"bramblehoof,",2
mock,2
stag,2
bramblehoof,2
running,2
"gobgrizzle,",2
warlord,2
gobgrizzle,2
runetusk,2
grimble,2
"sootcloak,",2
infernus,2
fire,2
1a,2
2a,2
3a,2
4a,2
5a,2
5b,2
flamers,2
flamer1,2
flamer2,2
flamer3,2
flamer4,2
flamer5,2
flamer6,2
flamer7,2
free,2
cross,2
mausoleumfront2pritn2,2
print2,2
top,2
mid,2
barnlv1,2
floor1,2
chair,2
sakurauncut,2
machine,2
wheel(x2,2
beam,2
wheel(x4,2
gnawnine,2
"darktail,",2
grey,2
prophetess,2
"osirion,",2
"mordkarn,",2
inventor,2
electroclast,2
mordkarn,2
"nefrascara,",2
nefrascara,2
sehatara,2
seshatara,2
ound,2
"vezthik,",2
marksman,2
voltwrench,2
vezthik,2
"whisperfang,",2
whisperfang,2
staff,2
sickles,2
close1,2
screecher,2
catapult,2
instructions,2
main,2
hole,2
rat,2
scatter,2
spell,2
stairs,2
plug,2
wooden,2
fireclaw,2
snipers,2
doomfiends,2
backscrew,2
serpent,2
bowguard,2
revenants,2
faces,2
scar,2
heads,2
seal,2
scroll,2
ultra,2
iron,2
symbol,2
blender,2
guns,2
swords,2
assembly,2
sarge,2
homer,2
teleport,2
blowup,2
eryntael,1
players,1
job,1
posting,1
nan,1
thalias,1
campaign,1
renmaeth’s,1
dreams,1
unviel,1
stash,1
guardians,1
fey,1
poster,1
unuspported,1
melywn,1
sample,1
compilation,1
junio,1
0122,1
真人快打,1
redemptor,1
dreadnought,1
zoe,1
eyes,1
decals,1
cracked+desert,1
by,1
alguien,1
0sq,1
grenia,1
morrigan,1
nsfw@hehestl,1
jubilee,1
yennefer,1
hehestl,1
kisara@hehestl,1
copy,1
kisara,1
supports@hehestl,1
sickscrivener,1
ghast,1
2022,1
unliving,1
horde,1
dreadmarsh,1
2023,1
loli,1
sucu,1
diablo,1
амазонка,1
amazon,1
dancing,1
knifes,1
2024,1
hermione,1
nsfw3,1
2nsfw,1
shuten,1
douji,1
jan,1
scifi.7z,1
highelves,1
primedraco,1
imperialkindred,1
lordcommander,1
486,1
hatori,1
ratzo,1
condottieroonhorse,1
lucretiaiborgio,1
60120719001,1
engelathainssoulraidgroup,1
6119tyqghfl,1
720x720,1
army,1
77e764bf453860195cd070418f2b57e5,1
acolyte,1
iconward,1
adepta+sororitas+alternative+heads+(28mm,1
elsa,1
pole,1
aero+road+bike+snap,1
fit+model,1
afsfaf,1
aggress,1
all,1
stuff,1
andrethegiant,1
scaled,1
2mm,1
alignment,1
20200820,1
24138,1
anime,1
anko,1
april,1
release,1
aqua,1
arco,1
fabulous,1
flagelants,1
astraeus,1
avatars,1
presents,1
first,1
legendary,1
miniature,1
v0,1
tfstyfoe3vgd1,1
t0me,1
dem0ns,1
ii,1
promo,1
ayanami,1
rei,1
azurlane,1
tosa,1
アズールレーン,1
#土佐,1
⚙tridrob⚙,1
balistic+pianist+for+organ+tanks,1
ballistic,1
robot,1
robot20231205,1
22715,1
376e5f,1
barlyway,1
cottage,1
barrel,1
tech,1
machinery,1
planes,1
wwii,1
vol.1,1
1;200,1
focke,1
wulf,1
fw190a4,1
belial,1
bladeguard6,1
bocage,1
bondagebunny+nsfw,1
botched,1
tiefling,1
summoning,1
c343kms,1
z23,1
caballero,1
reconquer,1
hard,1
won,1
las,1
navas,1
tolosa,1
capture,1
d’écran,1
à,1
17.50.12,1
18.03.57,1
18.06.45,1
carlz+aliens+power+loader+++display+base+++wayland+power+lift+container,1
casca,1
img@hehestl,1
play,1
woodland,1
castle,1
mimic,1
center,1
chained01,1
city,1
furnishings,1
claudia,1
swim,1
country,1
1.1,1
cursed,1
quest,1
cyber,1
forge,1
202302,1
hellspawn,1
courtesans,1
pain,1
death,1
division,1
quattro,1
deep,1
basic,1
shields,1
hammers,1
heater,1
legio,1
capes,1
shock,1
pauldrons,1
simple,1
xenos,1
hunters,1
tinylegend2,1
demonslayer,1
antonis,1
bouras,1
dg,1
plague,1
rhino,1
don,1
rata,1
concept,1
doom,1
marine,1
t.me,1
aka,1
dred,1
dw,1
crestshields,1
backpacks,1
smutbase,1
evangelion,1
asuka,1
langley,1
sohryu,1
explosiverunes,1
dreadful,1
pestilent,1
walker,1
fields,1
forest,1
french,1
mausoleum,1
fubuki,1
nojacket,1
partsb,1
partsf,1
funservice,1
vaporeon,1
fuselers,1
other,1
poses1,1
poses3,1
gaffers,1
workshop,1
ggsdgfsd,1
grand,1
avenger,1
graveyard,1
hills,1
1.4,1
heretic,1
psychic,1
grimdark,1
azrael,1
ezekiel,1
lazarus,1
gyrfalcon,1
pattern,1
jetbike,1
felixthecrazy,1
harley,1
quinn,1
from,1
8eb847459a,1
hatsune,1
auspicous,1
blossom,1
cavalry,1
"leader,terminator",1
"scan,sword,bolter,cape",1
hellraiser,1
book,1
more,1
poly,1
hetzer,1
sisters,1
repressor,1
immolator,1
a20200803,1
3346,1
hollyhock,1
navy,1
industrial,1
doubtless,1
persistence,1
image,1
00,1
0775,1
20240819,1
163723,1
246,1
cruiser,1
iw,1
vindicator,1
jetfighter,1
jinx,1
rushzilla,1
jugrender1,1
lambton,1
worm,1
legionnares,1
excess,1
leviathan,1
librarian,1
lordk,1
lucky,1
chloe,1
love,1
term,1
may,1
2023.7z,1
marta,1
dark,1
mb1,1
mb2,1
mb3,1
village,1
6562139,1
mega,1
armoured,1
"mindwitch,dark",1
commune,1
"chaos,slaves",1
to,1
"darkness,",1
us,1
misc,1
servo,1
assistants,1
mn,1
ryukomatoi,1
torsoa,1
torsob,1
moon,1
how,1
not,1
summon,1
rem,1
galleu,1
mop,1
lo,1
mounted,1
wraiths,1
nagatoro,1
san,1
naughty,1
halloween,1
update,1
exhib,1
girl,1
smallbreasts,1
naugthy,1
nazuna,1
nanakusa,1
fanart,1
sculpt,1
nebula4444,1
plus,1
nezuko,1
tie,1
up,1
hentai,1
sexy,1
kimets20210318,1
16939,1
nikke,1
bready,1
noble,1
norman,1
fort,1
keep,1
nsfwbatgirl,1
oak,1
trees,1
obstetrician,1
m.booth,1
momotaro,1
tridrob,1
okayu,1
order,1
repentance,1
catalog,1
orikan,1
diviner,1
jmo,1
hounds,1
x1,1
pggasta,1
alita,1
origa,1
kuroinu,1
spidergwen,1
gwenpool,1
phobos,1
character,1
libraian,1
photo,1
2025,1
pikkyprints,1
ina,1
ninomae,1
01@hehestl,1
ships,1
boats,1
brig,1
fluyt,1
proptosis,1
glut,1
drones,1
psychomancer,1
pz2c,1
qmaera,1
queen,1
pin,1
raiden,1
shogun,1
bunny,1
ratmen,1
area,1
terrain,1
04.09.23,1
windup,1
automated,1
nearly,1
dead,1
regnar,1
spacial,1
spaceelf,1
warmancer,1
pose1,1
icon,1
pieces,1
unit,1
highlands,1
anniversary,1
richelieu,1
azur,1
lane,1
rospo,1
roxanne,1
isekai,1
meikyuu,1
harem,1
wo,1
crow,1
highland,1
stonestreet,1
bakers,1
wizard's,1
shadowfey,1
rukia,1
s.p.r.u.e.+venator+variant+for+sicaran+tank,1
sicaran,1
tank,1
wh40k,1
re,1
wa20230923,1
322666,1
sayori,1
doki,1
literature,1
club,1
⚙@tridrob⚙,1
scooter,1
vespa,1
cafe,1
racer,1
piaggio,1
hooligans,1
pd13,1
p200e,1
screenshot,1
194118,1
serie,1
frieren,1
beyond,1
journeys,1
spearmen,1
lost,1
kingdom,1
slavemaster,1
ren'marh,1
black,1
coach,1
assassin,1
hunt,1
mechanic,1
spawns,1
rot,1
steel,1
mystic,1
herald,1
nendra,1
fix,1
strifeherald,1
studio3dprint,1
lara,1
croft,1
tomb,1
raider,1
stug,1
iii,1
succubus,1
suzumiya,1
haruhi,1
outfit,1
colorized,1
bone,1
bridge,1
shards,1
baroness,1
pinup,1
ti,1
a054,1
bg,1
turm,1
toon,1
trade,1
signs,1
trench,1
veteran,1
dinamic,1
poses,1
trove,1
yaranaikascans,1
characters,1
typhus,1
ultramarine,1
boy,1
bones,1
nail,1
rag,1
ribbon,1
stand,1
wrist,1
um,1
7th,1
company,1
untitled,1
uriel,1
ventris,1
v3,1
cones,1
calibration,1
maiden,1
04.12.23,1
necromancer,1
varangians,1
venerable,1
land,1
plunderer,1
venom,1
imperitum,1
vi,1
arcane,1
league,1
legends,1
boss,1
wargame,1
good,1
healer,1
techmarine,1
conversion,1
kit,1
40k,1
marines,1
imperial,1
fists,1
proxy,1
like,1
transport,1
whirlwind,1
spawn,1
warsteel,1
late,1
15th,1
century,1
gewalthaufen,1
king,1
world,1
eater,1
air,1
ai,1
suppress,1
units,1
yahui,1
torrida,1
ye,1
old,1
fence,1
леди,1
лоз2безног,1
лоз2левая,1
лоза,1
fixed,1
лоз2нога,1
левая,1
правая,1
лоз2правая,1
《曾經、魔法少女和邪惡相互為敵。》篝火花,1
hibana,1
kagari,1
洛天依,1
锐辰光电,1
侠女,1
60e73ad2721a1,1
special,1
arm1,1
arm3,1
arm4,1
wing1,1
wing2,1
flames,1
ryuko,1
matoi,1
00000,1
blood,1
angels,1
assault,1
bloodbound,1
battlegears,1
da,1
terminator1,1
terminator2,1
terminator3,1
primarca,1
angeles,1
sangrientos,1
arm01,1
arm02,1
dsc,1
3321,1
3326,1
3345,1
3352,1
3362,1
3364,1
eagle,1
foot01,1
foot02,1
hair01,1
hair02,1
leg01,1
leg02,1
pauldron01,1
pauldron02,1
sangrientos.sanguinius,1
v01,1
sun,1
tape01,1
tape02,1
wing01,1
wing02,1
wing03,1
wing04,1
cg,1
captainbody,1
captainhelmet,1
captainnohelmet,1
captainrhanda,1
captainrhandb,1
captainscenicbase,1
musicianbody,1
musicianhelmet,1
musicianlhand,1
musiciannohelmet,1
standardbody,1
standardhelmet,1
standardnohelmet,1
standardscenicbase,1
standardstandarda,1
standardstandardb,1
chariotabackarcher,1
chariotabackbase,1
chariotabackbasedeco,1
chariotachariot,1
chariotadragonflybody,1
chariotadragonflywingbackl,1
chariotadragonflywingbackr,1
chariotadragonflywingfrontl,1
chariotadragonflywingfrontr,1
chariotafrontarcher,1
chariotafrontbase,1
chariotafrontbasedeco,1
chariotatransparent,1
stickfront,1
sticksback,1
chariotbbackarcher,1
chariotbbackbase,1
chariotbbackbasedeco,1
chariotbchariot,1
chariotbdragonflybody,1
chariotbfrontarcher,1
chariotbfrontbase,1
chariotbfrontbasedeco,1
chariotbtransparent,1
chariotbtransparentstickback,1
chariotbwingbackl,1
chariotbwingbackr,1
chariotbwingfrontl,1
chariotbwingfrontr,1
druid,1
druidbody,1
druidfox,1
druidrhand,1
druidscenicbase,1
druidstickbug,1
druidtreebase,1
heroinebase,1
heroinebody,1
heroinehelmet,1
heroinenohelmet,1
heroinespear,1
heroinesword,1
regiment,1
regiment10body,1
regiment10helmet,1
regiment10nohelmet,1
regiment10spear,1
regiment10sword,1
regiment1body,1
regiment1helmet,1
regiment1nohelmet,1
regiment1spear,1
regiment1sword,1
regiment2body,1
regiment2helmet,1
regiment2nohelmet,1
regiment2spear,1
regiment2sword,1
regiment3body,1
regiment3helmet,1
regiment3nohelmet,1
regiment3spear,1
regiment3sword,1
regiment4body,1
regiment4helmet,1
regiment4nohelmet,1
regiment4spear,1
regiment4sword,1
regiment5body,1
regiment5helmet,1
regiment5nohelmet,1
regiment5spear,1
regiment5sword,1
regiment6body,1
regiment6helmet,1
regiment6nohelmet,1
regiment6spear,1
regiment6sword,1
regiment7body,1
regiment7helmet,1
regiment7nohelmet,1
regiment7spear,1
regiment7sword,1
regiment8body,1
regiment8helmet,1
regiment8nohelmet,1
regiment8spear,1
regiment8sword,1
regiment9body,1
regiment9helmet,1
regiment9nohelmet,1
regiment9spear,1
regiment9sword,1
squareandlogocolor,1
gift,1
05tophnsfw,1
01tophnsfw,1
03tophnsfw,1
buildplatepreviewazerama,1
azerama3,1
04tophnsfw,1
uncutbody,1
azerama1,1
01toph,1
04toph,1
05toph,1
tophcut,1
tophnsfwrenders,1
sideb,1
sidea,1
mediumshot,1
closeup,1
01ahkonsfw,1
02ahkonsfw,1
03ahkonsfw,1
04ahkonsfw,1
05ahkonsfw,1
06ahkonsfw,1
01ahkonurse,1
hairright,1
02ahkonurse,1
presupportedcap,1
presupportedhairright,1
03ahkonurse,1
04ahkonurse,1
05ahkonurse,1
06ahkonurse,1
01ahkoqueen,1
rentaroucape,1
ribbonleft,1
ribbonright,1
skirtbot,1
skirttop,1
uto,1
02ahkoqueen,1
presupportedcape,1
presupportedcrown,1
presupportedrentaroucape,1
presupportedribbonleft,1
presupportedribbonright,1
presupportedskirtbot,1
presupportedskirttop,1
presupporteduto,1
03ahkoqueen,1
bp03legs,1
04ahkoqueen,1
05ahkoqueen,1
06ahkoqueen,1
01ahkoskirt,1
blazer,1
skirt,1
02ahkoskirt,1
presupportedblazer,1
presupportedrentarohead,1
presupportedskirt,1
03ahkoskirt,1
04ahkoskirt,1
04ahkoschool,1
05ahkoskirt,1
06ahkoskirt,1
ttclaysquareandlogo,1
ttcolorsquareandlogo,1
ahkoschoolu,1
togansfw01,1
togansfw02,1
togansfw03,1
togansfw04,1
togansfw05,1
togansfw06,1
togansfw,1
armrigth,1
nonsplitbody,1
toga01,1
toga02,1
toga03,1
toga04,1
toga05,1
toga05clay,1
toga06,1
toga07clay,1
bp03itemswithcopies,1
containers,1
sailorcollar,1
syringealone,1
syringesleft,1
syringesright,1
toothedneck,1
torsoskirt,1
tube,1
unsplitbody,1
waistboxleft,1
waistboxright,1
boi,1
kills,1
pres,1
bestiarium,1
court,1
balazar,1
cu,1
base3,1
base4,1
base5,1
demoness,1
armr,1
legr,1
kitbash,1
piked,1
mistrss,1
sides,1
siren,1
premmodels,1
chat,1
exclusuv,1
obj,1
modelsdoc,1
video,1
uroki,1
6scale,1
ca,1
ivy,1
a01,1
a0000,1
a0008,1
a0020,1
a0032,1
a0070,1
a0081,1
a02,1
a03,1
a04,1
a05,1
a06,1
a07,1
a09,1
a10,1
a11,1
a12,1
a13,1
a14,1
a15,1
b0000,1
b0008,1
b0020,1
b0032,1
b0070,1
b0081,1
vaal,1
kan,1
firstborn,1
axe,1
lefthand,1
leftwings,1
rightwing,1
cast'n'play,1
hidden,1
crypt,1
undying,1
523,1
undyingbatmount,1
bloodhunter,1
dire,1
demonbat,1
bonelord,1
dranekmir,1
abhorrant,1
gorewarden,1
keysboy,1
charnel,1
rafail,1
"archatreon,",1
defiled,1
exc,1
d11,1
d12,1
wingclaw,1
d13,1
d14,1
d15,1
d16,1
d17,1
d18,1
d19,1
d20,1
d1,1
d2,1
d21,1
d22,1
d23,1
d24,1
d25,1
d26,1
d27,1
d28,1
d29,1
d30,1
d31,1
d32,1
d33,1
d34,1
d35,1
d36,1
d40,1
d37,1
d38,1
d39,1
d3,1
d4,1
d5,1
d6,1
d7,1
d8,1
d41,1
d42,1
d43,1
d44,1
d46,1
d48,1
d49,1
d50,1
d51,1
d52,1
d53,1
d54,1
d55,1
d56,1
d57,1
d58,1
d59,1
d60,1
d61,1
d62,1
d63,1
d64,1
d65,1
tooter,1
d66,1
d67,1
d68,1
d69,1
d70,1
d71,1
d72,1
d75,1
d76,1
d77,1
d78,1
d79,1
d80,1
d81,1
d82,1
d83,1
d84,1
d85,1
d86,1
d87,1
d88,1
d89,1
d9,1
d10,1
0667,1
undread,1
spells,1
230x230,1
asgard,1
rising,1
draugr,1
"ushoran,",1
mortarch,1
delusion,1
patriarch,1
sabertooth,1
collectibles,1
ushoran,1
master,1
cup,1
mace,1
shoulderpad,1
massive,1
pelt,1
trophy,1
peltpiece,1
necklace,1
central,1
63,1
wallpiece,1
piece,1
loincloth,1
0669,1
archatreon,1
monster,1
form,1
armystandardbearercloak,1
armystandardbearerknightbody,1
armystandardbearerknightlegs,1
armystandardbearerlarm,1
armystandardbearermountheraldry,1
armystandardbearermountnoheraldry,1
armystandardbearerscenicbase,1
armystandardbearerstandardheraldry,1
armystandardbearerstandardnoheraldry,1
armystandardbearertail,1
medrauthelmetfire,1
medrautlhorn,1
medrautmountbody,1
medrautrhorn,1
medrautscenicbasebottom,1
medrautscenicbasemediuml,1
medrautscenicbasemediumr,1
medrautscenicbaseportal,1
medrautscenicbasetop,1
medrauttorso,1
medraudfootcloak,1
medraudfoothead,1
medraudfootlarm,1
medraudfootlegsfixed,1
medraudfootrhand,1
medraudfootscenicbase,1
medraudfoottorso,1
lineage,1
fallenlineage,1
princesshorse,1
25x50,1
license,1
parameters,1
shop,1
fallenprincesshorse,1
cover,1
empire,1
pommel,1
freeguild,1
cavalier,1
medrautalternativehead,1
medrautalternativemountbody,1
medrautalternativescenicbase,1
medrautalternativetorso,1
rangerscaptainlarm,1
rangerscaptainlegs,1
rangerscaptainrhand,1
rangerscaptaintorso,1
rangershorsecaptainbody,1
rangershorsecaptaintail,1
rangershorsemusicbody,1
rangershorsemusictail,1
rangershorsestandardbody,1
rangershorsestandardtail,1
rangersmusiclegs,1
rangersmusictorsofixed,1
rangersstandardlarm,1
rangersstandardlegs,1
rangersstandardstandard,1
rangersstandardtorso,1
rangersalternativemount,1
rangersalternativemount1,1
rangersalternativemount2body,1
rangersalternativemount2tail,1
rangersalternativemount3body,1
rangersalternativemount3tail,1
rangersalternativemount4body,1
rangersalternativemount4tail,1
rangersalternativemount5body,1
rangersalternativemount5tail,1
rangersalternativemount6body,1
rangersalternativemount6tail,1
calixknightcaptaincloak,1
calixknightcaptainhorsebody,1
calixknightcaptainhorsetail,1
calixknightcaptainlarm,1
calixknightcaptainlegs,1
calixknightcaptainrhand,1
calixknightcaptainsword,1
calixknightcaptaintorso,1
calixknightmusiccloak,1
calixknightmusichorsebody,1
calixknightmusichorsetail,1
calixknightmusiclegs,1
calixknightmusictorso,1
calixknightstandardcloak,1
calixknightstandardhelmetcloak,1
calixknightstandardhorsebody,1
calixknightstandardhorsetail,1
calixknightstandardlarm,1
calixknightstandardlegs,1
calixknightstandardstandard,1
calixknightstandardtorso,1
grandmasterwolf,1
base25x50,1
rightarm,1
calixknight1cloak,1
calixknight1helmetcloak,1
calixknight1horsebody,1
calixknight1horsetail,1
calixknight1larm,1
calixknight1legs,1
calixknight1rhand,1
calixknight1torso,1
calixknight2cloak,1
calixknight2helmetcloak,1
calixknight2horsebody,1
calixknight2horsetail,1
calixknight2larm,1
calixknight2legs,1
calixknight2rhand,1
calixknight2torso,1
calixknight3cloak,1
calixknight3helmetcloak,1
calixknight3horsebody,1
calixknight3horsetail,1
calixknight3larm,1
calixknight3legs,1
calixknight3rhand,1
calixknight3torso,1
calixknight4chelmetcloak,1
calixknight4cloak,1
calixknight4horsebody,1
calixknight4horsetail,1
calixknight4larm,1
calixknight4legs,1
calixknight4rhand,1
calixknight4torso,1
calixknight5cloak,1
calixknight5helmetcloak,1
calixknight5horsebody,1
calixknight5horsetail,1
calixknight5larm,1
calixknight5legs,1
calixknight5rhand,1
calixknight5torso,1
calixknight6cloak,1
calixknight6helmetcloak,1
calixknight6horsebody,1
calixknight6horsetail,1
calixknight6larm,1
calixknight6legs,1
calixknight6rarm,1
calixknight6torso,1
calixalternativedeers,1
deer1body,1
deer1hornl,1
deer1hornr,1
deer1scenicbase,1
deer1tail,1
deer2body,1
deer2hornl,1
deer2hornr,1
deer3body,1
deer3hornl,1
deer3hornr,1
deer3scenicbase,1
deer3tail,1
deer4body,1
deer4hornl,1
deer4hornr,1
deer4tail,1
deer5body,1
deer5hornl,1
deer5hornr,1
deer5scenicbase,1
deer5tail,1
deer6body,1
deer6hornl,1
deer6hornr,1
deer6scenicbase,1
deer6tail,1
calixalternativeunicorns,1
unicorn1body,1
unicorn1tail,1
unicorn2body,1
unicorn2tail,1
unicorn3body,1
unicorn3tail,1
unicorn4body,1
unicorn4tail,1
unicorn5body,1
unicorn5tail,1
unicorn6body,1
unicorn6tail,1
rules,1
dogs,1
dog01,1
dog02,1
dog03,1
wolfknights01,1
